subject,repeat,scenario,method,accuracy,macro_f1
101,0,stable,CWR,0.4849384811200679,0.4486187154419638
101,0,stable,CWR_frozen,0.4849384811200679,0.4486187154419638
101,0,stable,plain_GCCA,0.4212982605006364,0.36076336614355503
101,0,stable,concat_PCA,0.5176071277047094,0.48961071038094534
101,0,stable,ALS,0.5176071277047094,0.4946913069752945
101,0,stable,late_fusion,0.697496817988969,0.6551812717440407
101,0,rotation,CWR,0.49469664828171406,0.46480918768709106
101,0,rotation,CWR_frozen,0.4140857021637675,0.3327172663592031
101,0,rotation,plain_GCCA,0.39584217225286383,0.3317606967036331
101,0,rotation,concat_PCA,0.4666949512091642,0.36860714064295186
101,0,rotation,ALS,0.4900296987696224,0.40765976379901775
101,0,rotation,late_fusion,0.6109461179465422,0.5413061034733614
101,0,axis_loss,CWR,0.5091217649554518,0.46432458821846606
101,0,axis_loss,CWR_frozen,0.5091217649554518,0.46432458821846606
101,0,axis_loss,plain_GCCA,0.41790411540093336,0.35622105336397464
101,0,axis_loss,concat_PCA,0.5553669919389054,0.490088378850263
101,0,axis_loss,ALS,0.5833686890114552,0.5234242551910699
101,0,axis_loss,late_fusion,0.6550700042426814,0.6064837228717287
101,0,rotation_axis_loss,CWR,0.48069579974543913,0.4474217756587777
101,0,rotation_axis_loss,CWR_frozen,0.3971149766652524,0.3271871898150563
101,0,rotation_axis_loss,plain_GCCA,0.36444633008061095,0.29761170670791576
101,0,rotation_axis_loss,concat_PCA,0.44760288502333473,0.4217248206747403
101,0,rotation_axis_loss,ALS,0.4607551972846839,0.4355763985758945
101,0,rotation_axis_loss,late_fusion,0.6300381841323717,0.5750537590772647
101,1,stable,CWR,0.4870598218073823,0.4500886420725602
101,1,stable,CWR_frozen,0.4870598218073823,0.4500886420725602
101,1,stable,plain_GCCA,0.4229953330504879,0.3600842627489944
101,1,stable,concat_PCA,0.4454815443360204,0.35782251833947676
101,1,stable,ALS,0.4302078913873568,0.34180649332270346
101,1,stable,late_fusion,0.6996181586762834,0.6577854450218715
101,1,rotation,CWR,0.49809079338141704,0.46194540732737827
101,1,rotation,CWR_frozen,0.32117098005939754,0.27882365531898934
101,1,rotation,plain_GCCA,0.29232074671192193,0.24088210430041504
101,1,rotation,concat_PCA,0.4573610521849809,0.3858587869551015
101,1,rotation,ALS,0.48027153160797625,0.41805533174648096
101,1,rotation,late_fusion,0.6062791684344506,0.531774484522921
101,1,axis_loss,CWR,0.5006364022061943,0.47851145257143807
101,1,axis_loss,CWR_frozen,0.5006364022061943,0.47851145257143807
101,1,axis_loss,plain_GCCA,0.42002545608824776,0.34878115749647787
101,1,axis_loss,concat_PCA,0.43190496393720834,0.36966613090494294
101,1,axis_loss,ALS,0.4382689859991515,0.3775802156838044
101,1,axis_loss,late_fusion,0.6491302503182012,0.6207982041692093
101,1,rotation_axis_loss,CWR,0.47093763258379295,0.4362025295695204
101,1,rotation_axis_loss,CWR_frozen,0.43190496393720834,0.40736517494758107
101,1,rotation_axis_loss,plain_GCCA,0.33729316928298686,0.26239635580555304
101,1,rotation_axis_loss,concat_PCA,0.443360203648706,0.3813250353837551
101,1,rotation_axis_loss,ALS,0.46414934238438693,0.4085967845278911
101,1,rotation_axis_loss,late_fusion,0.6805260924904539,0.6447249948108994
101,2,stable,CWR,0.48790835808230804,0.44859813255831976
101,2,stable,CWR_frozen,0.48790835808230804,0.44859813255831976
101,2,stable,plain_GCCA,0.4289350869749682,0.3711983617014431
101,2,stable,concat_PCA,0.4773016546457361,0.4313191193975205
101,2,stable,ALS,0.46372507424692405,0.41035680286076476
101,2,stable,late_fusion,0.6991938905388205,0.6568838480867777
101,2,rotation,CWR,0.5142129826050064,0.4744331485934689
101,2,rotation,CWR_frozen,0.4263894781501909,0.3445402841336669
101,2,rotation,plain_GCCA,0.3920237590156979,0.3329958406145322
101,2,rotation,concat_PCA,0.4594823928722953,0.3709660896826781
101,2,rotation,ALS,0.47815019092066186,0.38902802212480075
101,2,rotation,late_fusion,0.663555366991939,0.6122342911672422
101,2,axis_loss,CWR,0.5142129826050064,0.46606963217383496
101,2,axis_loss,CWR_frozen,0.5142129826050064,0.46606963217383496
101,2,axis_loss,plain_GCCA,0.4331777683495969,0.38468934058504195
101,2,axis_loss,concat_PCA,0.566822231650403,0.4996140502611121
101,2,axis_loss,ALS,0.5744590581247349,0.5110669881143951
101,2,axis_loss,late_fusion,0.6571913449299958,0.6072412137197257
101,2,rotation_axis_loss,CWR,0.5040305473058974,0.47090882197224454
101,2,rotation_axis_loss,CWR_frozen,0.4068731438268986,0.33420248196287866
101,2,rotation_axis_loss,plain_GCCA,0.3759015697921086,0.3194453891222271
101,2,rotation_axis_loss,concat_PCA,0.3941450997030123,0.3415541137475568
101,2,rotation_axis_loss,ALS,0.41535850657615614,0.3698609404740906
101,2,rotation_axis_loss,late_fusion,0.628765379719983,0.5605140446859356
102,0,stable,CWR,0.5980707395498392,0.6097268731371662
102,0,stable,CWR_frozen,0.5980707395498392,0.6097268731371662
102,0,stable,plain_GCCA,0.5787781350482315,0.552907285450927
102,0,stable,concat_PCA,0.6808681672025724,0.6349008497857271
102,0,stable,ALS,0.6961414790996785,0.6577239500075461
102,0,stable,late_fusion,0.8942926045016077,0.8813551789817146
102,0,rotation,CWR,0.6929260450160771,0.7024283554962752
102,0,rotation,CWR_frozen,0.33038585209003213,0.2826518318640932
102,0,rotation,plain_GCCA,0.2938102893890675,0.2376968390971793
102,0,rotation,concat_PCA,0.5976688102893891,0.5467108247932942
102,0,rotation,ALS,0.6254019292604501,0.5785162114757056
102,0,rotation,late_fusion,0.5759646302250804,0.5063773028534149
102,0,axis_loss,CWR,0.5490353697749196,0.5496947301809647
102,0,axis_loss,CWR_frozen,0.5490353697749196,0.5496947301809647
102,0,axis_loss,plain_GCCA,0.5462218649517685,0.5072199625499183
102,0,axis_loss,concat_PCA,0.6209807073954984,0.5825717061673794
102,0,axis_loss,ALS,0.6266077170418006,0.6110666108720473
102,0,axis_loss,late_fusion,0.8689710610932476,0.8592578861338241
102,0,rotation_axis_loss,CWR,0.6603697749196141,0.6740273516239675
102,0,rotation_axis_loss,CWR_frozen,0.3882636655948553,0.3745032295595081
102,0,rotation_axis_loss,plain_GCCA,0.36012861736334406,0.31052231175803147
102,0,rotation_axis_loss,concat_PCA,0.48432475884244375,0.44449100692657856
102,0,rotation_axis_loss,ALS,0.5108520900321544,0.48310997525891053
102,0,rotation_axis_loss,late_fusion,0.5984726688102894,0.5634457276347438
102,1,stable,CWR,0.6016881028938906,0.6134570387904977
102,1,stable,CWR_frozen,0.6016881028938906,0.6134570387904977
102,1,stable,plain_GCCA,0.5679260450160771,0.5510138827770703
102,1,stable,concat_PCA,0.6688102893890675,0.6432763282470898
102,1,stable,ALS,0.6993569131832797,0.6764433604343912
102,1,stable,late_fusion,0.8946945337620579,0.8810154790850716
102,1,rotation,CWR,0.6627813504823151,0.6769737278258408
102,1,rotation,CWR_frozen,0.5860128617363344,0.5883955068444185
102,1,rotation,plain_GCCA,0.5618971061093248,0.5223807889162658
102,1,rotation,concat_PCA,0.5385852090032154,0.47752873309306004
102,1,rotation,ALS,0.552652733118971,0.49264651349501226
102,1,rotation,late_fusion,0.5791800643086816,0.5287963447360012
102,1,axis_loss,CWR,0.5514469453376206,0.5520812949406987
102,1,axis_loss,CWR_frozen,0.5514469453376206,0.5520812949406987
102,1,axis_loss,plain_GCCA,0.4815112540192926,0.38701951342580093
102,1,axis_loss,concat_PCA,0.6061093247588425,0.5625910907327173
102,1,axis_loss,ALS,0.6322347266881029,0.5896502382613502
102,1,axis_loss,late_fusion,0.867363344051447,0.8567928659753409
102,1,rotation_axis_loss,CWR,0.6410771704180064,0.6525237393209279
102,1,rotation_axis_loss,CWR_frozen,0.6479099678456591,0.6297756924425533
102,1,rotation_axis_loss,plain_GCCA,0.5771704180064309,0.5050876365076516
102,1,rotation_axis_loss,concat_PCA,0.4991961414790997,0.47970379372794686
102,1,rotation_axis_loss,ALS,0.5297427652733119,0.5043604839941259
102,1,rotation_axis_loss,late_fusion,0.622588424437299,0.5616534662024572
102,2,stable,CWR,0.6016881028938906,0.6131172909551478
102,2,stable,CWR_frozen,0.6016881028938906,0.6131172909551478
102,2,stable,plain_GCCA,0.5715434083601286,0.4929619022675101
102,2,stable,concat_PCA,0.6298231511254019,0.5302867002091373
102,2,stable,ALS,0.6579581993569131,0.5590959299946497
102,2,stable,late_fusion,0.8959003215434084,0.8831580343864361
102,2,rotation,CWR,0.6141479099678456,0.6303361844513963
102,2,rotation,CWR_frozen,0.34646302250803857,0.3142093193823003
102,2,rotation,plain_GCCA,0.18006430868167203,0.11092649300528039
102,2,rotation,concat_PCA,0.5779742765273312,0.4997903769894379
102,2,rotation,ALS,0.60008038585209,0.5231689471316255
102,2,rotation,late_fusion,0.6205787781350482,0.5662952622525864
102,2,axis_loss,CWR,0.5518488745980707,0.5532114179390301
102,2,axis_loss,CWR_frozen,0.5518488745980707,0.5532114179390301
102,2,axis_loss,plain_GCCA,0.4995980707395498,0.40225185812015146
102,2,axis_loss,concat_PCA,0.5719453376205788,0.4994265640571469
102,2,axis_loss,ALS,0.5936495176848875,0.5189018721563178
102,2,axis_loss,late_fusion,0.8693729903536977,0.8588044608477512
102,2,rotation_axis_loss,CWR,0.6109324758842444,0.6294255185058685
102,2,rotation_axis_loss,CWR_frozen,0.40635048231511256,0.4102023270403771
102,2,rotation_axis_loss,plain_GCCA,0.24236334405144694,0.16784344326617104
102,2,rotation_axis_loss,concat_PCA,0.4610128617363344,0.3693918496061932
102,2,rotation_axis_loss,ALS,0.4867363344051447,0.40487559837695025
102,2,rotation_axis_loss,late_fusion,0.6728295819935691,0.6366018726471279
103,0,stable,CWR,0.4884735202492212,0.4232730516039476
103,0,stable,CWR_frozen,0.4884735202492212,0.4232730516039476
103,0,stable,plain_GCCA,0.4803738317757009,0.3589373166408604
103,0,stable,concat_PCA,0.6186915887850467,0.44660189076470636
103,0,stable,ALS,0.6467289719626168,0.438026263009422
103,0,stable,late_fusion,0.8604361370716511,0.5713337605222648
103,0,rotation,CWR,0.49470404984423677,0.37991170756794906
103,0,rotation,CWR_frozen,0.3694704049844237,0.23341218397948219
103,0,rotation,plain_GCCA,0.33582554517133956,0.18391989375933546
103,0,rotation,concat_PCA,0.2909657320872274,0.15399541437392542
103,0,rotation,ALS,0.29283489096573206,0.15549350515716115
103,0,rotation,late_fusion,0.815576323987539,0.5395987919905388
103,0,axis_loss,CWR,0.491588785046729,0.3761748452401284
103,0,axis_loss,CWR_frozen,0.43302180685358255,0.3767559185683272
103,0,axis_loss,plain_GCCA,0.2940809968847352,0.17985337360202905
103,0,axis_loss,concat_PCA,0.45295950155763237,0.3055447979225596
103,0,axis_loss,ALS,0.470404984423676,0.3156774263428907
103,0,axis_loss,late_fusion,0.7950155763239876,0.5190594815038073
103,0,rotation_axis_loss,CWR,0.4984423676012461,0.3812051453431783
103,0,rotation_axis_loss,CWR_frozen,0.39688473520249223,0.28401544359140246
103,0,rotation_axis_loss,plain_GCCA,0.3302180685358255,0.20633274218708084
103,0,rotation_axis_loss,concat_PCA,0.30093457943925234,0.19746401398920516
103,0,rotation_axis_loss,ALS,0.3059190031152648,0.19970851411089802
103,0,rotation_axis_loss,late_fusion,0.7844236760124611,0.5634222366782295
103,1,stable,CWR,0.48411214953271026,0.42046616831174194
103,1,stable,CWR_frozen,0.48411214953271026,0.42046616831174194
103,1,stable,plain_GCCA,0.45482866043613707,0.3887146603961098
103,1,stable,concat_PCA,0.6398753894080997,0.4321836514307558
103,1,stable,ALS,0.6747663551401869,0.4587364374568866
103,1,stable,late_fusion,0.8623052959501558,0.5719012992800521
103,1,rotation,CWR,0.48286604361370716,0.415105073101968
103,1,rotation,CWR_frozen,0.3862928348909657,0.2869205232401673
103,1,rotation,plain_GCCA,0.3401869158878505,0.21131579021375965
103,1,rotation,concat_PCA,0.2834890965732087,0.15972852858340095
103,1,rotation,ALS,0.3059190031152648,0.17070462456700883
103,1,rotation,late_fusion,0.7925233644859813,0.517440649994785
103,1,axis_loss,CWR,0.6199376947040498,0.5255319449195539
103,1,axis_loss,CWR_frozen,0.6199376947040498,0.5255319449195539
103,1,axis_loss,plain_GCCA,0.5869158878504673,0.44189008109937666
103,1,axis_loss,concat_PCA,0.6772585669781932,0.5364122827735733
103,1,axis_loss,ALS,0.7003115264797508,0.5613097048436945
103,1,axis_loss,late_fusion,0.8417445482866044,0.5560370378746889
103,1,rotation_axis_loss,CWR,0.48785046728971965,0.4170192251860958
103,1,rotation_axis_loss,CWR_frozen,0.4722741433021807,0.35472818368492176
103,1,rotation_axis_loss,plain_GCCA,0.36573208722741435,0.23533521627183696
103,1,rotation_axis_loss,concat_PCA,0.32897196261682243,0.22309547119505851
103,1,rotation_axis_loss,ALS,0.3339563862928349,0.20605045047655615
103,1,rotation_axis_loss,late_fusion,0.7987538940809968,0.5171406421081861
103,2,stable,CWR,0.4853582554517134,0.42162278460137087
103,2,stable,CWR_frozen,0.4853582554517134,0.42162278460137087
103,2,stable,plain_GCCA,0.48473520249221186,0.3822823109234255
103,2,stable,concat_PCA,0.6822429906542056,0.5673836875562286
103,2,stable,ALS,0.7096573208722742,0.5938364166352831
103,2,stable,late_fusion,0.8610591900311526,0.5707628079019905
103,2,rotation,CWR,0.5034267912772585,0.38611260116542573
103,2,rotation,CWR_frozen,0.31588785046728973,0.2137844171208112
103,2,rotation,plain_GCCA,0.23738317757009345,0.12804850056223802
103,2,rotation,concat_PCA,0.36822429906542054,0.21353777054013962
103,2,rotation,ALS,0.38753894080996887,0.2224297728837155
103,2,rotation,late_fusion,0.832398753894081,0.5475346686182153
103,2,axis_loss,CWR,0.5034267912772585,0.38685337268549486
103,2,axis_loss,CWR_frozen,0.4280373831775701,0.37288924391545686
103,2,axis_loss,plain_GCCA,0.3115264797507788,0.22503005670728787
103,2,axis_loss,concat_PCA,0.4523364485981308,0.3282199924810155
103,2,axis_loss,ALS,0.46791277258566977,0.3368242886771581
103,2,axis_loss,late_fusion,0.7975077881619937,0.519793894203369
103,2,rotation_axis_loss,CWR,0.4984423676012461,0.38481038016585123
103,2,rotation_axis_loss,CWR_frozen,0.30467289719626167,0.22566956779203123
103,2,rotation_axis_loss,plain_GCCA,0.2791277258566978,0.1811303261347081
103,2,rotation_axis_loss,concat_PCA,0.3601246105919003,0.23095677807089915
103,2,rotation_axis_loss,ALS,0.36697819314641744,0.23456439126964196
103,2,rotation_axis_loss,late_fusion,0.8149532710280374,0.5290350152013746
104,0,stable,CWR,0.5743212149102623,0.452537942710878
104,0,stable,CWR_frozen,0.5743212149102623,0.452537942710878
104,0,stable,plain_GCCA,0.48136217211228716,0.46691338261220333
104,0,stable,concat_PCA,0.6447307869305108,0.6073018764688042
104,0,stable,ALS,0.6525540727105384,0.6143195634852947
104,0,stable,late_fusion,0.8329498389323516,0.6926048444849472
104,0,rotation,CWR,0.6074551311550851,0.48611898154599537
104,0,rotation,CWR_frozen,0.3451449608835711,0.21750715152679898
104,0,rotation,plain_GCCA,0.3161527841693511,0.1930522399708466
104,0,rotation,concat_PCA,0.4509894155545329,0.3160273720892763
104,0,rotation,ALS,0.4542107685227796,0.35545144383196753
104,0,rotation,late_fusion,0.7022549470777727,0.5698310780524151
104,0,axis_loss,CWR,0.5043718361711919,0.4023965676465971
104,0,axis_loss,CWR_frozen,0.5043718361711919,0.4023965676465971
104,0,axis_loss,plain_GCCA,0.5490105844454671,0.4786088703289293
104,0,axis_loss,concat_PCA,0.5075931891394385,0.3828987671208531
104,0,axis_loss,ALS,0.5016106764841234,0.37177412785858993
104,0,axis_loss,late_fusion,0.8007363092498849,0.6712499102807047
104,0,rotation_axis_loss,CWR,0.6208007363092499,0.5003441314748885
104,0,rotation_axis_loss,CWR_frozen,0.38564196962724345,0.2913334225207755
104,0,rotation_axis_loss,plain_GCCA,0.24482282558674642,0.15828981026359878
104,0,rotation_axis_loss,concat_PCA,0.42291762540266914,0.3639988237219768
104,0,rotation_axis_loss,ALS,0.4289001380579843,0.3663501565953941
104,0,rotation_axis_loss,late_fusion,0.6709618039576623,0.547095627055216
104,1,stable,CWR,0.5715600552231938,0.44892771988481633
104,1,stable,CWR_frozen,0.5715600552231938,0.44892771988481633
104,1,stable,plain_GCCA,0.5108145421076852,0.49538570802423204
104,1,stable,concat_PCA,0.6557754256787851,0.6242351487149225
104,1,stable,ALS,0.6732627703635526,0.6378252879234891
104,1,stable,late_fusion,0.8324896456511734,0.6911403072235277
104,1,rotation,CWR,0.5807639208467557,0.4606096783837856
104,1,rotation,CWR_frozen,0.35020708697653014,0.24354563746752309
104,1,rotation,plain_GCCA,0.31385181776346066,0.2231027724991566
104,1,rotation,concat_PCA,0.276576161988035,0.20776595366605907
104,1,rotation,ALS,0.3028071790151864,0.22270781123144526
104,1,rotation,late_fusion,0.6801656695812242,0.5533259686208926
104,1,axis_loss,CWR,0.5683387022549471,0.4478404886134854
104,1,axis_loss,CWR_frozen,0.5784629544408652,0.45491665979992896
104,1,axis_loss,plain_GCCA,0.4141739530602853,0.3566402859789
104,1,axis_loss,concat_PCA,0.5918085595950299,0.4772448064801086
104,1,axis_loss,ALS,0.597330878969167,0.4806952480976969
104,1,axis_loss,late_fusion,0.7123791992636908,0.5853553414433369
104,1,rotation_axis_loss,CWR,0.5927289461573861,0.4719530492448769
104,1,rotation_axis_loss,CWR_frozen,0.37505752416014726,0.2879930525716581
104,1,rotation_axis_loss,plain_GCCA,0.22457432121491025,0.11944027915482672
104,1,rotation_axis_loss,concat_PCA,0.393005062126093,0.2999418193070205
104,1,rotation_axis_loss,ALS,0.40036815462494246,0.301268422061931
104,1,rotation_axis_loss,late_fusion,0.7109986194201565,0.5842929787034483
104,2,stable,CWR,0.5770823745973309,0.45062796396172944
104,2,stable,CWR_frozen,0.5770823745973309,0.45062796396172944
104,2,stable,plain_GCCA,0.5614358030372757,0.521429382159026
104,2,stable,concat_PCA,0.7409111826967326,0.632050789376139
104,2,stable,ALS,0.7473538886332259,0.6335899792610012
104,2,stable,late_fusion,0.8361711919005983,0.6926314300990257
104,2,rotation,CWR,0.577542567878509,0.4568615570469099
104,2,rotation,CWR_frozen,0.3437643810400368,0.21757124767123595
104,2,rotation,plain_GCCA,0.3101702715140359,0.17907200122800462
104,2,rotation,concat_PCA,0.30510814542107684,0.20994454221229145
104,2,rotation,ALS,0.35895075931891396,0.24881932018959016
104,2,rotation,late_fusion,0.684767602393005,0.5507604602878685
104,2,axis_loss,CWR,0.577542567878509,0.45478865909753896
104,2,axis_loss,CWR_frozen,0.5803037275655776,0.4532249415602785
104,2,axis_loss,plain_GCCA,0.5089737689829729,0.3760268139843537
104,2,axis_loss,concat_PCA,0.52416014726185,0.4232920169641536
104,2,axis_loss,ALS,0.553612517257248,0.4386354975450889
104,2,axis_loss,late_fusion,0.7160607455131155,0.5843602088458283
104,2,rotation_axis_loss,CWR,0.5885872066267832,0.4708409638366966
104,2,rotation_axis_loss,CWR_frozen,0.45329038196042337,0.39426459111509266
104,2,rotation_axis_loss,plain_GCCA,0.33824206166589965,0.19976702388825737
104,2,rotation_axis_loss,concat_PCA,0.4781408191440405,0.3999675054594017
104,2,rotation_axis_loss,ALS,0.5154164749194662,0.4373601319038467
104,2,rotation_axis_loss,late_fusion,0.7128393925448688,0.579948517735088
105,0,stable,CWR,0.5664986428848391,0.5419550153636677
105,0,stable,CWR_frozen,0.5664986428848391,0.5419550153636677
105,0,stable,plain_GCCA,0.42070569988367584,0.3579793948262369
105,0,stable,concat_PCA,0.4400930593253199,0.36160187146521094
105,0,stable,ALS,0.462582396277627,0.38424937288191946
105,0,stable,late_fusion,0.6529662659945715,0.5554680547558741
105,0,rotation,CWR,0.5556417215975185,0.5489801189648366
105,0,rotation,CWR_frozen,0.4831329972857697,0.4581420909387674
105,0,rotation,plain_GCCA,0.34315626211709965,0.3074178098011398
105,0,rotation,concat_PCA,0.44901124466847614,0.37263900803395295
105,0,rotation,ALS,0.45715393563396667,0.3556173253938839
105,0,rotation,late_fusion,0.6145792943001164,0.5121363952132718
105,0,axis_loss,CWR,0.5548662272198527,0.5487420905777484
105,0,axis_loss,CWR_frozen,0.5331523846452113,0.5015513781700391
105,0,axis_loss,plain_GCCA,0.43233811554866225,0.36852841451395246
105,0,axis_loss,concat_PCA,0.4284606436603335,0.3443418245528202
105,0,axis_loss,ALS,0.4276851492826677,0.3471273631798613
105,0,axis_loss,late_fusion,0.6824350523458705,0.5983117454474592
105,0,rotation_axis_loss,CWR,0.5486622721985266,0.541215516724613
105,0,rotation_axis_loss,CWR_frozen,0.47150058162078323,0.4244097212168017
105,0,rotation_axis_loss,plain_GCCA,0.36138037999224504,0.31105791610194994
105,0,rotation_axis_loss,concat_PCA,0.43272586273749514,0.34663951774067053
105,0,rotation_axis_loss,ALS,0.4598681659557968,0.38059287086921856
105,0,rotation_axis_loss,late_fusion,0.6262117099651028,0.5317107680611954
105,1,stable,CWR,0.5680496316401706,0.540865466412107
105,1,stable,CWR_frozen,0.5680496316401706,0.540865466412107
105,1,stable,plain_GCCA,0.36487010469174097,0.29960205256165506
105,1,stable,concat_PCA,0.433113609926328,0.3546243314154336
105,1,stable,ALS,0.45133772780147347,0.37864032190190317
105,1,stable,late_fusion,0.6498642884839085,0.5505301930729624
105,1,rotation,CWR,0.5917022101589764,0.5712775368809515
105,1,rotation,CWR_frozen,0.4579294300116324,0.452703120447462
105,1,rotation,plain_GCCA,0.32880961613028303,0.3118083074422739
105,1,rotation,concat_PCA,0.4831329972857697,0.408207210444023
105,1,rotation,ALS,0.5098875533152385,0.4313810867448932
105,1,rotation,late_fusion,0.5769678169833269,0.45803421361645974
105,1,axis_loss,CWR,0.5882124854594805,0.5719699922019771
105,1,axis_loss,CWR_frozen,0.41488949205118264,0.3740654852581841
105,1,axis_loss,plain_GCCA,0.2058937572702598,0.1102548593543727
105,1,axis_loss,concat_PCA,0.439705312136487,0.3876048837783426
105,1,axis_loss,ALS,0.4447460255913145,0.385940515355615
105,1,axis_loss,late_fusion,0.6335789065529275,0.5323412368396887
105,1,rotation_axis_loss,CWR,0.5804575416828228,0.5625732670005644
105,1,rotation_axis_loss,CWR_frozen,0.3869716944552152,0.38290921994104227
105,1,rotation_axis_loss,plain_GCCA,0.31097324544397054,0.25389526529473916
105,1,rotation_axis_loss,concat_PCA,0.4598681659557968,0.3795266619704835
105,1,rotation_axis_loss,ALS,0.4831329972857697,0.4467099889858752
105,1,rotation_axis_loss,late_fusion,0.560294687863513,0.4599136643912678
105,2,stable,CWR,0.5738658394726638,0.5526406195950255
105,2,stable,CWR_frozen,0.5696006203955021,0.5413144856948593
105,2,stable,plain_GCCA,0.4618069018999612,0.4350853419490179
105,2,stable,concat_PCA,0.44125630089181855,0.349863857844066
105,2,stable,ALS,0.45754168282279956,0.3651667886327381
105,2,stable,late_fusion,0.6533540131834045,0.5554244856174212
105,2,rotation,CWR,0.5641721597518418,0.5427850381569237
105,2,rotation,CWR_frozen,0.4602559131446297,0.42667787580990785
105,2,rotation,plain_GCCA,0.4075222954633579,0.3247870042938337
105,2,rotation,concat_PCA,0.35323768902675456,0.2953634152978357
105,2,rotation,ALS,0.3784412563008918,0.3235832333987958
105,2,rotation,late_fusion,0.60566110895696,0.4999827307047569
105,2,axis_loss,CWR,0.5649476541295075,0.5509019272590776
105,2,axis_loss,CWR_frozen,0.4152772392400155,0.37764214003800417
105,2,axis_loss,plain_GCCA,0.2113222179139201,0.11994466048770987
105,2,axis_loss,concat_PCA,0.4443582784024816,0.387362565369739
105,2,axis_loss,ALS,0.4687863512989531,0.40859350715898196
105,2,axis_loss,late_fusion,0.6378441256300892,0.5377902191297653
105,2,rotation_axis_loss,CWR,0.5715393563396666,0.5515838826835459
105,2,rotation_axis_loss,CWR_frozen,0.38619620007754946,0.3752278654918418
105,2,rotation_axis_loss,plain_GCCA,0.2632803412175262,0.1759872081484192
105,2,rotation_axis_loss,concat_PCA,0.3792167506785576,0.3076060099294982
105,2,rotation_axis_loss,ALS,0.397440868553703,0.3259787117187745
105,2,rotation_axis_loss,late_fusion,0.5847227607599845,0.4879513664381106
106,0,stable,CWR,0.6901528013582343,0.6200449629975461
106,0,stable,CWR_frozen,0.6901528013582343,0.6200449629975461
106,0,stable,plain_GCCA,0.5959252971137521,0.4978465156599187
106,0,stable,concat_PCA,0.732597623089983,0.6105006554187066
106,0,stable,ALS,0.7466044142614601,0.6245949588225062
106,0,stable,late_fusion,0.9053480475382003,0.8622904321906034
106,0,rotation,CWR,0.6629881154499151,0.5882394061436406
106,0,rotation,CWR_frozen,0.3692699490662139,0.28675496202635253
106,0,rotation,plain_GCCA,0.2495755517826825,0.1801199902498334
106,0,rotation,concat_PCA,0.3862478777589134,0.30643217665918276
106,0,rotation,ALS,0.3968590831918506,0.3186555898619442
106,0,rotation,late_fusion,0.7661290322580645,0.6847608532620132
106,0,axis_loss,CWR,0.6634125636672326,0.5880938507487504
106,0,axis_loss,CWR_frozen,0.6651103565365025,0.6070309620623603
106,0,axis_loss,plain_GCCA,0.5721561969439728,0.47924906891795177
106,0,axis_loss,concat_PCA,0.7045840407470289,0.610361673911271
106,0,axis_loss,ALS,0.7041595925297114,0.6106940263045434
106,0,axis_loss,late_fusion,0.8539898132427843,0.7662990132476634
106,0,rotation_axis_loss,CWR,0.6774193548387096,0.6062823778533245
106,0,rotation_axis_loss,CWR_frozen,0.3561120543293718,0.2886001128455316
106,0,rotation_axis_loss,plain_GCCA,0.28480475382003395,0.20522137809203891
106,0,rotation_axis_loss,concat_PCA,0.43930390492359933,0.3493242136780137
106,0,rotation_axis_loss,ALS,0.4405772495755518,0.3534414267410065
106,0,rotation_axis_loss,late_fusion,0.7699490662139219,0.6907582381077101
106,1,stable,CWR,0.6880305602716469,0.6172260864772946
106,1,stable,CWR_frozen,0.6880305602716469,0.6172260864772946
106,1,stable,plain_GCCA,0.6455857385398981,0.5850732300016257
106,1,stable,concat_PCA,0.7797113752122241,0.6747724855624474
106,1,stable,ALS,0.7801358234295416,0.6731433983716187
106,1,stable,late_fusion,0.9028013582342954,0.8599366618063357
106,1,rotation,CWR,0.6659592529711376,0.5877997411368684
106,1,rotation,CWR_frozen,0.5768251273344652,0.5036963165675888
106,1,rotation,plain_GCCA,0.5093378607809848,0.43430269314462655
106,1,rotation,concat_PCA,0.5785229202037352,0.4742561759766038
106,1,rotation,ALS,0.5912563667232598,0.48357172819684124
106,1,rotation,late_fusion,0.8480475382003395,0.7778363357165535
106,1,axis_loss,CWR,0.6438879456706282,0.5726094151918176
106,1,axis_loss,CWR_frozen,0.716044142614601,0.6481472030861555
106,1,axis_loss,plain_GCCA,0.5738539898132428,0.4978829794215278
106,1,axis_loss,concat_PCA,0.6345500848896435,0.4956228771451443
106,1,axis_loss,ALS,0.6370967741935484,0.49386319320192024
106,1,axis_loss,late_fusion,0.8484719864176571,0.8186024027129943
106,1,rotation_axis_loss,CWR,0.6714770797962648,0.5943027607761374
106,1,rotation_axis_loss,CWR_frozen,0.7105263157894737,0.642780314612727
106,1,rotation_axis_loss,plain_GCCA,0.6171477079796265,0.5683218738656642
106,1,rotation_axis_loss,concat_PCA,0.5394736842105263,0.4723657773013757
106,1,rotation_axis_loss,ALS,0.5564516129032258,0.4857740947895281
106,1,rotation_axis_loss,late_fusion,0.8455008488964346,0.7616143633658597
106,2,stable,CWR,0.6871816638370118,0.6214723277199453
106,2,stable,CWR_frozen,0.6871816638370118,0.6214723277199453
106,2,stable,plain_GCCA,0.6392190152801358,0.562766478617502
106,2,stable,concat_PCA,0.7644312393887945,0.6622382215241238
106,2,stable,ALS,0.7707979626485568,0.6684174286455701
106,2,stable,late_fusion,0.9028013582342954,0.8618832354037375
106,2,rotation,CWR,0.6999151103565365,0.6344235559925514
106,2,rotation,CWR_frozen,0.44609507640067914,0.362429382493052
106,2,rotation,plain_GCCA,0.39728353140916806,0.3113282475832632
106,2,rotation,concat_PCA,0.36587436332767403,0.2895242892400809
106,2,rotation,ALS,0.3671477079796265,0.2886285975430725
106,2,rotation,late_fusion,0.8149405772495756,0.7393931478190371
106,2,axis_loss,CWR,0.6731748726655348,0.6071659404357322
106,2,axis_loss,CWR_frozen,0.6595925297113752,0.6053743633862303
106,2,axis_loss,plain_GCCA,0.6311544991511036,0.5915857145528387
106,2,axis_loss,concat_PCA,0.7292020373514432,0.6414204316525989
106,2,axis_loss,ALS,0.7270797962648556,0.6390962348528112
106,2,axis_loss,late_fusion,0.8518675721561969,0.7652644200148643
106,2,rotation_axis_loss,CWR,0.6939728353140917,0.6311043985274126
106,2,rotation_axis_loss,CWR_frozen,0.4227504244482173,0.3677999952125832
106,2,rotation_axis_loss,plain_GCCA,0.4151103565365025,0.3197759603051264
106,2,rotation_axis_loss,concat_PCA,0.4388794567062818,0.34440858962613374
106,2,rotation_axis_loss,ALS,0.42869269949066213,0.3440773736972506
106,2,rotation_axis_loss,late_fusion,0.8009337860780985,0.7188514781000439
107,0,stable,CWR,0.4766483516483517,0.5067597224907805
107,0,stable,CWR_frozen,0.4766483516483517,0.5067597224907805
107,0,stable,plain_GCCA,0.4958791208791209,0.5184701147333808
107,0,stable,concat_PCA,0.6973443223443223,0.539415426965968
107,0,stable,ALS,0.7225274725274725,0.5675918682340011
107,0,stable,late_fusion,0.8827838827838828,0.7990249952212513
107,0,rotation,CWR,0.4858058608058608,0.4685337307743693
107,0,rotation,CWR_frozen,0.35210622710622713,0.36522561329811826
107,0,rotation,plain_GCCA,0.434981684981685,0.4295351949667811
107,0,rotation,concat_PCA,0.42445054945054944,0.2574831393114512
107,0,rotation,ALS,0.4043040293040293,0.25590790758392684
107,0,rotation,late_fusion,0.6245421245421245,0.589478644696281
107,0,axis_loss,CWR,0.4899267399267399,0.4803809831569789
107,0,axis_loss,CWR_frozen,0.4899267399267399,0.4803809831569789
107,0,axis_loss,plain_GCCA,0.4423076923076923,0.4580501060086473
107,0,axis_loss,concat_PCA,0.6410256410256411,0.4931555041241209
107,0,axis_loss,ALS,0.6492673992673993,0.5071722375541341
107,0,axis_loss,late_fusion,0.7884615384615384,0.7116690852683787
107,0,rotation_axis_loss,CWR,0.48214285714285715,0.465411372662895
107,0,rotation_axis_loss,CWR_frozen,0.43956043956043955,0.434535757822794
107,0,rotation_axis_loss,plain_GCCA,0.33516483516483514,0.27321791289444514
107,0,rotation_axis_loss,concat_PCA,0.4977106227106227,0.33295507145652875
107,0,rotation_axis_loss,ALS,0.45787545787545786,0.31555851585628464
107,0,rotation_axis_loss,late_fusion,0.6497252747252747,0.6093126678371686
107,1,stable,CWR,0.5293040293040293,0.5351008687070086
107,1,stable,CWR_frozen,0.4739010989010989,0.5056420440585894
107,1,stable,plain_GCCA,0.565018315018315,0.5720926137881441
107,1,stable,concat_PCA,0.7316849816849816,0.6387973506422436
107,1,stable,ALS,0.7394688644688645,0.6448169134149295
107,1,stable,late_fusion,0.8827838827838828,0.7991154873993921
107,1,rotation,CWR,0.4775641025641026,0.4623882094461236
107,1,rotation,CWR_frozen,0.35210622710622713,0.3647631597399275
107,1,rotation,plain_GCCA,0.3241758241758242,0.3068296144959155
107,1,rotation,concat_PCA,0.39880952380952384,0.2978504122425168
107,1,rotation,ALS,0.3841575091575092,0.2856239937042801
107,1,rotation,late_fusion,0.6767399267399268,0.6163846010274917
107,1,axis_loss,CWR,0.4880952380952381,0.4812828154572595
107,1,axis_loss,CWR_frozen,0.4880952380952381,0.4812828154572595
107,1,axis_loss,plain_GCCA,0.565018315018315,0.5551816619304201
107,1,axis_loss,concat_PCA,0.6428571428571429,0.5013961436004255
107,1,axis_loss,ALS,0.646978021978022,0.5079662508327177
107,1,axis_loss,late_fusion,0.7866300366300366,0.711524360346794
107,1,rotation_axis_loss,CWR,0.47527472527472525,0.46167983420778275
107,1,rotation_axis_loss,CWR_frozen,0.36446886446886445,0.3860803026527886
107,1,rotation_axis_loss,plain_GCCA,0.2980769230769231,0.22290244594662298
107,1,rotation_axis_loss,concat_PCA,0.38553113553113555,0.31519308281062774
107,1,rotation_axis_loss,ALS,0.3804945054945055,0.31903656766129473
107,1,rotation_axis_loss,late_fusion,0.565018315018315,0.5432171825846942
107,2,stable,CWR,0.4739010989010989,0.5042435330029021
107,2,stable,CWR_frozen,0.4739010989010989,0.5042435330029021
107,2,stable,plain_GCCA,0.5421245421245421,0.5087790461385607
107,2,stable,concat_PCA,0.7152014652014652,0.6166942491443321
107,2,stable,ALS,0.733058608058608,0.6391839981408517
107,2,stable,late_fusion,0.8832417582417582,0.7995113548952433
107,2,rotation,CWR,0.4748168498168498,0.49817146338426993
107,2,rotation,CWR_frozen,0.37042124542124544,0.38233026091979655
107,2,rotation,plain_GCCA,0.3740842490842491,0.382371376870797
107,2,rotation,concat_PCA,0.4010989010989011,0.2965837527392951
107,2,rotation,ALS,0.40705128205128205,0.303696538149569
107,2,rotation,late_fusion,0.6836080586080586,0.6289454738122651
107,2,axis_loss,CWR,0.5215201465201466,0.5395946710096733
107,2,axis_loss,CWR_frozen,0.5215201465201466,0.5395946710096733
107,2,axis_loss,plain_GCCA,0.5622710622710623,0.5558437741328244
107,2,axis_loss,concat_PCA,0.5608974358974359,0.430770957629199
107,2,axis_loss,ALS,0.5659340659340659,0.44226079367705234
107,2,axis_loss,late_fusion,0.7518315018315018,0.6878030062662748
107,2,rotation_axis_loss,CWR,0.4899267399267399,0.46939440160785056
107,2,rotation_axis_loss,CWR_frozen,0.42445054945054944,0.42463862225913945
107,2,rotation_axis_loss,plain_GCCA,0.4935897435897436,0.47654583715462295
107,2,rotation_axis_loss,concat_PCA,0.3067765567765568,0.20083878426375854
107,2,rotation_axis_loss,ALS,0.3191391941391941,0.22753911464144175
107,2,rotation_axis_loss,late_fusion,0.6341575091575091,0.5847487352299171
108,0,stable,CWR,0.546225272507065,0.5289513764291788
108,0,stable,CWR_frozen,0.546225272507065,0.5289513764291788
108,0,stable,plain_GCCA,0.5708518368994752,0.45038135293957304
108,0,stable,concat_PCA,0.5405732741219217,0.516361627611699
108,0,stable,ALS,0.6063786838918046,0.5860660826804255
108,0,stable,late_fusion,0.7242632216390795,0.7093085533320087
108,0,rotation,CWR,0.49656842955187724,0.47422181603362445
108,0,rotation,CWR_frozen,0.534517561566411,0.4849844112691228
108,0,rotation,plain_GCCA,0.45296729915220024,0.34991463133739176
108,0,rotation,concat_PCA,0.36778360920468306,0.24124724325858674
108,0,rotation,ALS,0.47153815098909974,0.3597205196242765
108,0,rotation,late_fusion,0.5639886960032298,0.5369761457434618
108,0,axis_loss,CWR,0.5797335486475576,0.5522537076461204
108,0,axis_loss,CWR_frozen,0.5797335486475576,0.5522537076461204
108,0,axis_loss,plain_GCCA,0.5074687121517966,0.41152970887873225
108,0,axis_loss,concat_PCA,0.5450141299959629,0.4778671633020357
108,0,axis_loss,ALS,0.5405732741219217,0.4713174466582783
108,0,axis_loss,late_fusion,0.5874041178845377,0.5837685532274924
108,0,rotation_axis_loss,CWR,0.5094872830036334,0.48154734100847096
108,0,rotation_axis_loss,CWR_frozen,0.5240209931368591,0.490607869977648
108,0,rotation_axis_loss,plain_GCCA,0.4981832862333468,0.4074574664414398
108,0,rotation_axis_loss,concat_PCA,0.2983447719014937,0.23945007624695802
108,0,rotation_axis_loss,ALS,0.40492531287848205,0.354771040110037
108,0,rotation_axis_loss,late_fusion,0.5244247073072265,0.5104395989783451
108,1,stable,CWR,0.5446104158255954,0.5293833821136014
108,1,stable,CWR_frozen,0.5446104158255954,0.5293833821136014
108,1,stable,plain_GCCA,0.4872830036334275,0.385639473622494
108,1,stable,concat_PCA,0.6265643924101736,0.5673175600898307
108,1,stable,ALS,0.6402906742026645,0.5786093301910356
108,1,stable,late_fusion,0.7258780783205491,0.7089041530275845
108,1,rotation,CWR,0.48526443278159065,0.46559729318735094
108,1,rotation,CWR_frozen,0.4759790068631409,0.4258673696593496
108,1,rotation,plain_GCCA,0.4259184497375858,0.3082736350475383
108,1,rotation,concat_PCA,0.34033104561970123,0.29126616117970516
108,1,rotation,ALS,0.35244247073072266,0.29865446405558366
108,1,rotation,late_fusion,0.5187727089220832,0.4842727749463
108,1,axis_loss,CWR,0.5575292692773516,0.5130142690543457
108,1,axis_loss,CWR_frozen,0.5575292692773516,0.5130142690543457
108,1,axis_loss,plain_GCCA,0.4703270084779976,0.3280214564837135
108,1,axis_loss,concat_PCA,0.5551069842551474,0.4794964149020853
108,1,axis_loss,ALS,0.563181267662495,0.4884487991155657
108,1,axis_loss,late_fusion,0.5857892612030682,0.5551788722957326
108,1,rotation_axis_loss,CWR,0.5115058538554703,0.4717407367968571
108,1,rotation_axis_loss,CWR_frozen,0.5115058538554703,0.4717407367968571
108,1,rotation_axis_loss,plain_GCCA,0.4307630197819943,0.31468234281696333
108,1,rotation_axis_loss,concat_PCA,0.3556721840936617,0.2902892349472978
108,1,rotation_axis_loss,ALS,0.3798950343157045,0.3063053584199253
108,1,rotation_axis_loss,late_fusion,0.5551069842551474,0.5353566969510777
108,2,stable,CWR,0.5442067016552281,0.5281441822119023
108,2,stable,CWR_frozen,0.5442067016552281,0.5281441822119023
108,2,stable,plain_GCCA,0.505853855470327,0.443260633610983
108,2,stable,concat_PCA,0.6237383932176019,0.5221892391763269
108,2,stable,ALS,0.6443278159063384,0.5330150229545282
108,2,stable,late_fusion,0.724666935809447,0.7080700109071928
108,2,rotation,CWR,0.48041986273718207,0.4699038048688655
108,2,rotation,CWR_frozen,0.4493338716188938,0.4114060979864742
108,2,rotation,plain_GCCA,0.3597093257973355,0.2804359693719816
108,2,rotation,concat_PCA,0.38595074687121517,0.33586769256876264
108,2,rotation,ALS,0.39604360113039966,0.3535189639397689
108,2,rotation,late_fusion,0.4557932983447719,0.42135809044945455
108,2,axis_loss,CWR,0.5571255551069842,0.5111467013869456
108,2,axis_loss,CWR_frozen,0.5571255551069842,0.5111467013869456
108,2,axis_loss,plain_GCCA,0.4618490109002826,0.3270337829912284
108,2,axis_loss,concat_PCA,0.47517157852240616,0.43116159921285346
108,2,axis_loss,ALS,0.4921275736778361,0.41708299623832984
108,2,axis_loss,late_fusion,0.5845781186919661,0.5529717074996964
108,2,rotation_axis_loss,CWR,0.4683084376261607,0.45216160810901246
108,2,rotation_axis_loss,CWR_frozen,0.4683084376261607,0.45216160810901246
108,2,rotation_axis_loss,plain_GCCA,0.312474767864352,0.263486462263311
108,2,rotation_axis_loss,concat_PCA,0.3633427533306419,0.3091569380708877
108,2,rotation_axis_loss,ALS,0.3839321760193783,0.32961005833510876
108,2,rotation_axis_loss,late_fusion,0.45215987081146547,0.4138203767713217
